ID,LISTNAME_EN,FAO_MEMBERS,VALID_SINCE,VALID_UNTIL,HAS_BORDER_WITH,IS_IN_GROUP,URL,CATEGORY
GRD,Grenada,FAO MEMBER NATION,1985,9999,,"World,CARICOM,CARIFORUM,Americas,Caribbean,FAO,SIDS",http://aims.fao.org/aos/geopolitical.owl#Grenada,self_governing
URY,Uruguay,FAO MEMBER NATION,1985,9999,"Argentina,Brazil","Americas,South_America,World,FAO,MERCOSUR",http://aims.fao.org/aos/geopolitical.owl#Uruguay,self_governing
KGZ,Kyrgyzstan,FAO MEMBER NATION,1991,9999,"Kazakhstan,China,Tajikistan,Uzbekistan","ECO,LIFDC,World,LLDC,central_Asia,FAO,Asia",http://aims.fao.org/aos/geopolitical.owl#Kyrgyzstan,self_governing
CAN,Canada,FAO MEMBER NATION,1985,9999,United_States_of_America,"FAO,northern_America,Americas,World",http://aims.fao.org/aos/geopolitical.owl#Canada,self_governing
EGY,Egypt,FAO MEMBER NATION,1985,9999,"Sudan_the,Libyan_Arab_Jamahiriya__the,Israel","LIFDC,COMESA,Africa,CAEU,FAO,northern_Africa,World,NFIDC,CEN_SAD",http://aims.fao.org/aos/geopolitical.owl#Egypt,self_governing
BRA,Brazil,FAO MEMBER NATION,1985,9999,"French_Guiana,Venezuela,Guyana,Bolivia,Uruguay,Argentina,Peru,Suriname,Paraguay,Colombia","South_America,World,Americas,MERCOSUR,FAO",http://aims.fao.org/aos/geopolitical.owl#Brazil,self_governing
COK,Cook Islands,FAO MEMBER NATION,1985,9999,,"FAO,World,Polynesia,Oceania,SIDS,PIF",http://aims.fao.org/aos/geopolitical.owl#Cook_Islands_the,self_governing
NIC,Nicaragua,FAO MEMBER NATION,1985,9999,"Honduras,Costa_Rica","World,FAO,CAC,LIFDC,Americas,central_America",http://aims.fao.org/aos/geopolitical.owl#Nicaragua,self_governing
VNM,Viet Nam,FAO MEMBER NATION,1985,9999,"Cambodia,Lao_People_s_Democratic_Republic__the,China","FAO,Asia,World,south-eastern_Asia",http://aims.fao.org/aos/geopolitical.owl#Viet_Nam,self_governing
JOR,Jordan,FAO MEMBER NATION,1985,9999,"Israel,Iraq,Syrian_Arab_Republic_the,Saudi_Arabia","Asia,World,CAEU,FAO,NFIDC,western_Asia",http://aims.fao.org/aos/geopolitical.owl#Jordan,self_governing
CIV,C™te d'Ivoire,FAO MEMBER NATION,1985,9999,"Mali,Liberia,Burkina_Faso,Ghana,Guinea","Africa,LIFDC,NFIDC,World,UEMOA,ECOWAS,FAO,western_Africa,CEN_SAD",http://aims.fao.org/aos/geopolitical.owl#Cote_d_Ivoire,self_governing
SVK,Slovakia,FAO MEMBER NATION,1993,9999,"Hungary,Austria,Ukraine,Poland,Czech_Republic_the","World,Europe,eastern_Europe,EU,FAO",http://aims.fao.org/aos/geopolitical.owl#Slovakia,self_governing
KOR,Republic of Korea,FAO MEMBER NATION,1985,9999,Democratic_People_s_Republic_of_Korea_the,"FAO,eastern_Asia,World,Asia",http://aims.fao.org/aos/geopolitical.owl#Republic_of_Korea__the,self_governing
WSM,Samoa,FAO MEMBER NATION,1985,9999,,"Polynesia,FAO,Oceania,SIDS,LDC,PIF,World",http://aims.fao.org/aos/geopolitical.owl#Samoa,self_governing
NZL,New Zealand,FAO MEMBER NATION,1985,9999,,"Oceania,FAO,World,Australia_and_New_Zealand,PIF",http://aims.fao.org/aos/geopolitical.owl#New_Zealand,self_governing
IRN,Iran (Islamic Republic of),FAO MEMBER NATION,1985,9999,"Armenia,Turkmenistan,Turkey,Pakistan,Afghanistan,Azerbaijan,Iraq","Asia,FAO,ECO,World,southern_Asia",http://aims.fao.org/aos/geopolitical.owl#Iran_Islamic_Rep_of_,self_governing
SUR,Suriname,FAO MEMBER NATION,1985,9999,"Brazil,Guyana,French_Guiana","World,Americas,FAO,South_America,SIDS,CARICOM,CARIFORUM",http://aims.fao.org/aos/geopolitical.owl#Suriname,self_governing
GIN,Guinea,FAO MEMBER NATION,1985,9999,"Liberia,Senegal,Cote_d_Ivoire,Sierra_Leone,Guinea-Bissau,Mali","Africa,LDC,LIFDC,CEN_SAD,World,FAO,western_Africa",http://aims.fao.org/aos/geopolitical.owl#Guinea,self_governing
LUX,Luxembourg,FAO MEMBER NATION,1985,9999,"France,Belgium,Germany","EU,western_Europe,FAO,World,Europe",http://aims.fao.org/aos/geopolitical.owl#Luxembourg,self_governing
TKM,Turkmenistan,FAO MEMBER NATION,1991,9999,"Afghanistan,Iran_Islamic_Rep_of_,Kazakhstan,Uzbekistan","LIFDC,World,central_Asia,ECO,FAO,Asia,LLDC",http://aims.fao.org/aos/geopolitical.owl#Turkmenistan,self_governing
QAT,Qatar,FAO MEMBER NATION,1985,9999,Saudi_Arabia,"western_Asia,CCASG,Asia,FAO,World",http://aims.fao.org/aos/geopolitical.owl#Qatar,self_governing
CHE,Switzerland,FAO MEMBER NATION,1985,9999,"Austria,France,Italy,Liechtenstein,Germany","FAO,Europe,western_Europe",http://aims.fao.org/aos/geopolitical.owl#Switzerland,self_governing
DEU,Germany,FAO MEMBER NATION,1990,9999,"Poland,Belgium,Luxembourg,France,Switzerland,Austria,Denmark,Netherlands_the,Czech_Republic_the","western_Europe,FAO,Europe,World,EU",http://aims.fao.org/aos/geopolitical.owl#Germany,self_governing
ZMB,Zambia,FAO MEMBER NATION,1985,9999,"Zimbabwe,Malawi,Mozambique,Angola,Namibia,United_Republic_of_Tanzania__the,Democratic_Republic_of_the_Congo","SADC,eastern_Africa,FAO,COMESA,Africa,World,LDC,LLDC,LIFDC",http://aims.fao.org/aos/geopolitical.owl#Zambia,self_governing
LAO,Lao People's Democratic Republic,FAO MEMBER NATION,1985,9999,"Myanmar,Thailand,China,Cambodia,Viet_Nam","south-eastern_Asia,World,LDC,LLDC,Asia,LIFDC,FAO",http://aims.fao.org/aos/geopolitical.owl#Lao_People_s_Democratic_Republic__the,self_governing
HUN,Hungary,FAO MEMBER NATION,1985,9999,"Austria,Serbia,Croatia,Romania,Slovenia,Slovakia,Ukraine","FAO,eastern_Europe,Europe,World,EU",http://aims.fao.org/aos/geopolitical.owl#Hungary,self_governing
VEN,Venezuela (Bolivarian Republic of),FAO MEMBER NATION,1985,9999,"Colombia,Guyana,Brazil","World,South_America,NFIDC,Americas,FAO",http://aims.fao.org/aos/geopolitical.owl#Venezuela,self_governing
TUV,Tuvalu,FAO MEMBER NATION,1985,9999,,"World,PIF,LDC,LIFDC,Oceania,FAO,SIDS,Polynesia",http://aims.fao.org/aos/geopolitical.owl#Tuvalu,self_governing
SWE,Sweden,FAO MEMBER NATION,1985,9999,"Finland,Norway","EU,FAO,northern_Europe,World,Europe",http://aims.fao.org/aos/geopolitical.owl#Sweden,self_governing
CUB,Cuba,FAO MEMBER NATION,1985,9999,,"SIDS,World,Americas,FAO,NFIDC,Caribbean",http://aims.fao.org/aos/geopolitical.owl#Cuba,self_governing
DOM,Dominican Republic,FAO MEMBER NATION,1985,9999,Haiti,"SIDS,CARIFORUM,Caribbean,NFIDC,World,FAO,Americas",http://aims.fao.org/aos/geopolitical.owl#Dominican_Republic_the,self_governing
BRB,Barbados,FAO MEMBER NATION,1985,9999,,"Caribbean,CARIFORUM,SIDS,CARICOM,FAO,NFIDC,World,Americas",http://aims.fao.org/aos/geopolitical.owl#Barbados,self_governing
UKR,Ukraine,FAO MEMBER NATION,1991,9999,"Hungary,Belarus,Poland,Russian_Federation__the,Romania,Slovakia,Republic_of_Moldova","World,Europe,eastern_Europe,FAO",http://aims.fao.org/aos/geopolitical.owl#Ukraine,self_governing
MNG,Mongolia,FAO MEMBER NATION,1985,9999,"China,Russian_Federation__the","Asia,LIFDC,NFIDC,eastern_Asia,FAO,World,LLDC",http://aims.fao.org/aos/geopolitical.owl#Mongolia,self_governing
TCD,Chad,FAO MEMBER NATION,1985,9999,"Libyan_Arab_Jamahiriya__the,Nigeria,Cameroon,Niger_the,Sudan_the,Central_African_Republic_the","CEMAC,LLDC,LDC,Africa,CEN_SAD,middle_Africa,LIFDC,World,CEEAC,FAO",http://aims.fao.org/aos/geopolitical.owl#Chad,self_governing
MDA,Republic of Moldova,FAO MEMBER NATION,1991,9999,"Ukraine,Romania","LLDC,FAO,World,eastern_Europe,Europe,LIFDC",http://aims.fao.org/aos/geopolitical.owl#Republic_of_Moldova,self_governing
MAR,Morocco,FAO MEMBER NATION,1985,9999,"Algeria,Spain","AMU,Africa,World,FAO,northern_Africa,NFIDC,CEN_SAD",http://aims.fao.org/aos/geopolitical.owl#Morocco,self_governing
ROU,Romania,FAO MEMBER NATION,1985,9999,"Bulgaria,Ukraine,Serbia,Hungary,Republic_of_Moldova","EU,World,Europe,eastern_Europe,FAO",http://aims.fao.org/aos/geopolitical.owl#Romania,self_governing
SDN,Sudan,FAO MEMBER NATION,1985,9999,"Central_African_Republic_the,Libyan_Arab_Jamahiriya__the,Uganda,Ethiopia,Democratic_Republic_of_the_Congo,Eritrea,Egypt,Kenya,Chad","World,LDC,Africa,northern_Africa,COMESA,LIFDC,FAO,CAEU,IGAD,CEN_SAD",http://aims.fao.org/aos/geopolitical.owl#Sudan_the,self_governing
LTU,Lithuania,FAO MEMBER NATION,1991,9999,"Latvia,Poland,Russian_Federation__the,Belarus","EU,Europe,northern_Europe,FAO,World",http://aims.fao.org/aos/geopolitical.owl#Lithuania,self_governing
NLD,Netherlands,FAO MEMBER NATION,1985,9999,"Germany,Belgium","FAO,western_Europe,EU,Europe,World",http://aims.fao.org/aos/geopolitical.owl#Netherlands_the,self_governing
ITA,Italy,FAO MEMBER NATION,1985,9999,"Slovenia,San_Marino,France,Austria,Holy_See,Switzerland","Europe,EU,FAO,southern_Europe,World",http://aims.fao.org/aos/geopolitical.owl#Italy,self_governing
IRQ,Iraq,FAO MEMBER NATION,1985,9999,"Jordan,Turkey,Kuwait,Saudi_Arabia,Syrian_Arab_Republic_the,Iran_Islamic_Rep_of_","FAO,western_Asia,LIFDC,World,CAEU,Asia",http://aims.fao.org/aos/geopolitical.owl#Iraq,self_governing
POL,Poland,FAO MEMBER NATION,1985,9999,"Germany,Belarus,Slovakia,Czech_Republic_the,Lithuania,Russian_Federation__the,Ukraine","Europe,World,eastern_Europe,EU,FAO",http://aims.fao.org/aos/geopolitical.owl#Poland,self_governing
FSM,Micronesia (Federated States of),FAO MEMBER NATION,1991,9999,,"Oceania,Micronesia,World,SIDS,PIF,FAO",http://aims.fao.org/aos/geopolitical.owl#Micronesia__Fed_States_of_,self_governing
FRA,France,FAO MEMBER NATION,1985,9999,"Spain,Monaco,Germany,Andorra,Luxembourg,Switzerland,Italy,Belgium","EU,FAO,Europe,western_Europe,World",http://aims.fao.org/aos/geopolitical.owl#France,self_governing
BHR,Bahrain,FAO MEMBER NATION,1985,9999,,"Asia,SIDS,FAO,World,western_Asia,CCASG",http://aims.fao.org/aos/geopolitical.owl#Bahrain,self_governing
ISL,Iceland,FAO MEMBER NATION,1985,9999,,"northern_Europe,Europe,World,FAO",http://aims.fao.org/aos/geopolitical.owl#Iceland,self_governing
MKD,The former Yugoslav Republic of Macedonia,FAO MEMBER NATION,1992,9999,"Greece,Bulgaria,Serbia,Albania","World,Europe,FAO,southern_Europe,LLDC",http://aims.fao.org/aos/geopolitical.owl#The_former_Yugoslav_Republic_of_Macedonia,self_governing
AUS,Australia,FAO MEMBER NATION,1985,9999,,"PIF,World,Oceania,FAO,Australia_and_New_Zealand",http://aims.fao.org/aos/geopolitical.owl#Australia,self_governing
LBY,Libyan Arab Jamahiriya,FAO MEMBER NATION,1985,9999,"Algeria,Niger_the,Egypt,Tunisia,Chad,Sudan_the","northern_Africa,COMESA,World,FAO,AMU,CEN_SAD,CAEU,Africa",http://aims.fao.org/aos/geopolitical.owl#Libyan_Arab_Jamahiriya__the,self_governing
RUS,Russian Federation,FAO MEMBER NATION,1991,9999,"Ukraine,Lithuania,Mongolia,Norway,Poland,Democratic_People_s_Republic_of_Korea_the,Finland,Georgia,Estonia,Azerbaijan,Kazakhstan,China,Belarus,Latvia","FAO,World,Europe,eastern_Europe",http://aims.fao.org/aos/geopolitical.owl#Russian_Federation__the,self_governing
UZB,Uzbekistan,FAO MEMBER NATION,1991,9999,"Kyrgyzstan,Turkmenistan,Afghanistan,Tajikistan,Kazakhstan","World,FAO,ECO,LLDC,Asia,central_Asia,LIFDC",http://aims.fao.org/aos/geopolitical.owl#Uzbekistan,self_governing
CAF,Central African Republic,FAO MEMBER NATION,1985,9999,"Sudan_the,Congo_the,Democratic_Republic_of_the_Congo,Chad,Cameroon","World,middle_Africa,Africa,LIFDC,CEMAC,LDC,CEN_SAD,CEEAC,FAO,LLDC",http://aims.fao.org/aos/geopolitical.owl#Central_African_Republic_the,self_governing
KHM,Cambodia,FAO MEMBER NATION,1985,9999,"Viet_Nam,Lao_People_s_Democratic_Republic__the,Thailand","LDC,south-eastern_Asia,LIFDC,FAO,World,Asia",http://aims.fao.org/aos/geopolitical.owl#Cambodia,self_governing
GTM,Guatemala,FAO MEMBER NATION,1985,9999,"Honduras,Belize,El_Salvador,Mexico","World,CAC,FAO,Americas,central_America",http://aims.fao.org/aos/geopolitical.owl#Guatemala,self_governing
NPL,Nepal,FAO MEMBER NATION,1985,9999,"India,China","SAARC,LDC,World,LLDC,LIFDC,Asia,FAO,southern_Asia",http://aims.fao.org/aos/geopolitical.owl#Nepal,self_governing
FJI,Fiji,FAO MEMBER NATION,1985,9999,,"Melanesia,FAO,World,SIDS,Oceania",http://aims.fao.org/aos/geopolitical.owl#Fiji,self_governing
THA,Thailand,FAO MEMBER NATION,1985,9999,"Lao_People_s_Democratic_Republic__the,Cambodia,Myanmar,Malaysia","Asia,south-eastern_Asia,World,FAO",http://aims.fao.org/aos/geopolitical.owl#Thailand,self_governing
MCO,Monaco,FAO MEMBER NATION,1985,9999,France,"FAO,western_Europe,Europe,World",http://aims.fao.org/aos/geopolitical.owl#Monaco,self_governing
CRI,Costa Rica,FAO MEMBER NATION,1985,9999,"Nicaragua,Panama","FAO,central_America,World,CAC,Americas",http://aims.fao.org/aos/geopolitical.owl#Costa_Rica,self_governing
JPN,Japan,FAO MEMBER NATION,1985,9999,,"eastern_Asia,World,FAO,Asia",http://aims.fao.org/aos/geopolitical.owl#Japan,self_governing
TJK,Tajikistan,FAO MEMBER NATION,1991,9999,"China,Kyrgyzstan,Afghanistan,Uzbekistan","FAO,ECO,LIFDC,World,LLDC,central_Asia,Asia",http://aims.fao.org/aos/geopolitical.owl#Tajikistan,self_governing
MLI,Mali,FAO MEMBER NATION,1985,9999,"Burkina_Faso,Algeria,Niger_the,Guinea,Cote_d_Ivoire,Senegal,Mauritania","World,LIFDC,LDC,ECOWAS,LLDC,CEN_SAD,FAO,UEMOA,western_Africa,Africa",http://aims.fao.org/aos/geopolitical.owl#Mali,self_governing
GNB,Guinea-Bissau,FAO MEMBER NATION,1985,9999,"Senegal,Guinea","ECOWAS,Africa,World,LDC,CEN_SAD,LIFDC,FAO,UEMOA,SIDS,western_Africa",http://aims.fao.org/aos/geopolitical.owl#Guinea-Bissau,self_governing
PLW,Palau,FAO MEMBER NATION,1991,9999,,"FAO,SIDS,Oceania,PIF,Micronesia,World",http://aims.fao.org/aos/geopolitical.owl#Palau,self_governing
ARM,Armenia,FAO MEMBER NATION,1991,9999,"Turkey,Georgia,Iran_Islamic_Rep_of_,Azerbaijan","Asia,LLDC,FAO,World,western_Asia",http://aims.fao.org/aos/geopolitical.owl#Armenia,self_governing
GAB,Gabon,FAO MEMBER NATION,1985,9999,"Cameroon,Equatorial_Guinea,Congo_the","NFIDC,FAO,CEMAC,World,middle_Africa,CEEAC,Africa",http://aims.fao.org/aos/geopolitical.owl#Gabon,self_governing
MUS,Mauritius,FAO MEMBER NATION,1985,9999,,"Africa,SIDS,eastern_Africa,SADC,FAO,NFIDC,COMESA,World",http://aims.fao.org/aos/geopolitical.owl#Mauritius,self_governing
IRL,Ireland,FAO MEMBER NATION,1985,9999,United_Kingdom_of_Great_Britain_and_Northern_Ireland__the,"northern_Europe,Europe,World,FAO,EU",http://aims.fao.org/aos/geopolitical.owl#Ireland,self_governing
PAN,Panama,FAO MEMBER NATION,1985,9999,"Costa_Rica,Colombia","FAO,central_America,Americas,CAC,World",http://aims.fao.org/aos/geopolitical.owl#Panama,self_governing
COD,Democratic Republic of the Congo,FAO MEMBER NATION,1997,9999,"Rwanda,Angola,Zambia,Central_African_Republic_the,Congo_the,United_Republic_of_Tanzania__the,Sudan_the,Burundi,Uganda","LIFDC,SADC,World,CEEAC,LDC,FAO,middle_Africa,COMESA,Africa",http://aims.fao.org/aos/geopolitical.owl#Democratic_Republic_of_the_Congo,self_governing
LCA,Saint Lucia,FAO MEMBER NATION,1985,9999,,"Caribbean,CARIFORUM,NFIDC,Americas,World,FAO,SIDS,CARICOM",http://aims.fao.org/aos/geopolitical.owl#Saint_Lucia,self_governing
ALB,Albania,FAO MEMBER NATION,1985,9999,"Serbia,Greece,Montenegro,The_former_Yugoslav_Republic_of_Macedonia","Europe,southern_Europe,World,FAO",http://aims.fao.org/aos/geopolitical.owl#Albania,self_governing
IND,India,FAO MEMBER NATION,1985,9999,"Myanmar,Pakistan,Bhutan,China,Bangladesh,Nepal","southern_Asia,FAO,World,SAARC,Asia,LIFDC",http://aims.fao.org/aos/geopolitical.owl#India,self_governing
AFG,Afghanistan,FAO MEMBER NATION,1985,9999,"Iran_Islamic_Rep_of_,Tajikistan,China,Turkmenistan,Uzbekistan,Pakistan","LLDC,Asia,FAO,ECO,LDC,southern_Asia,World,SAARC,LIFDC",http://aims.fao.org/aos/geopolitical.owl#Afghanistan,self_governing
LSO,Lesotho,FAO MEMBER NATION,1985,9999,South_Africa,"Africa,LDC,FAO,SADC,LLDC,World,LIFDC",http://aims.fao.org/aos/geopolitical.owl#Lesotho,self_governing
KWT,Kuwait,FAO MEMBER NATION,1985,9999,"Iraq,Saudi_Arabia","CCASG,western_Asia,World,FAO,Asia,CAEU",http://aims.fao.org/aos/geopolitical.owl#Kuwait,self_governing
NGA,Nigeria,FAO MEMBER NATION,1985,9999,"Benin,Cameroon,Niger_the,Chad","CEN_SAD,ECOWAS,World,LIFDC,western_Africa,FAO,Africa",http://aims.fao.org/aos/geopolitical.owl#Nigeria,self_governing
TLS,Timor-Leste,FAO MEMBER NATION,1985,9999,Indonesia,"SIDS,FAO,World,south-eastern_Asia,Asia,LDC,LIFDC",http://aims.fao.org/aos/geopolitical.owl#Timor-Leste,self_governing
ECU,Ecuador,FAO MEMBER NATION,1985,9999,"Colombia,Peru","Americas,FAO,World,South_America,CAN",http://aims.fao.org/aos/geopolitical.owl#Ecuador,self_governing
VUT,Vanuatu,FAO MEMBER NATION,1985,9999,,"PIF,Melanesia,LIFDC,SIDS,FAO,LDC,Oceania,World",http://aims.fao.org/aos/geopolitical.owl#Vanuatu,self_governing
MDG,Madagascar,FAO MEMBER NATION,1985,9999,,"eastern_Africa,LDC,SADC,World,FAO,Africa,COMESA,LIFDC",http://aims.fao.org/aos/geopolitical.owl#Madagascar,self_governing
NER,Niger,FAO MEMBER NATION,1985,9999,"Benin,Nigeria,Libyan_Arab_Jamahiriya__the,Burkina_Faso,Mali,Chad,Algeria","FAO,LIFDC,LDC,CEN_SAD,LLDC,World,Africa,western_Africa,UEMOA",http://aims.fao.org/aos/geopolitical.owl#Niger_the,self_governing
BFA,Burkina Faso,FAO MEMBER NATION,1985,9999,"Ghana,Niger_the,Mali,Benin,Cote_d_Ivoire,Togo","CEN_SAD,western_Africa,LDC,UEMOA,Africa,FAO,World,LLDC,ECOWAS,LIFDC",http://aims.fao.org/aos/geopolitical.owl#Burkina_Faso,self_governing
PRY,Paraguay,FAO MEMBER NATION,1985,9999,"Bolivia,Argentina,Brazil","MERCOSUR,LLDC,World,South_America,FAO,Americas",http://aims.fao.org/aos/geopolitical.owl#Paraguay,self_governing
RWA,Rwanda,FAO MEMBER NATION,1985,9999,"Uganda,United_Republic_of_Tanzania__the,Democratic_Republic_of_the_Congo,Burundi","Africa,FAO,LLDC,LDC,CEEAC,COMESA,eastern_Africa,World,LIFDC",http://aims.fao.org/aos/geopolitical.owl#Rwanda,self_governing
KEN,Kenya,FAO MEMBER NATION,1985,9999,"Ethiopia,Uganda,Sudan_the,Somalia,United_Republic_of_Tanzania__the","FAO,Africa,NFIDC,World,COMESA,LIFDC,eastern_Africa,IGAD,CEN_SAD",http://aims.fao.org/aos/geopolitical.owl#Kenya,self_governing
MHL,Marshall Islands,FAO MEMBER NATION,1991,9999,,"Oceania,FAO,SIDS,PIF,Micronesia,World",http://aims.fao.org/aos/geopolitical.owl#Marshall_Islands__the,self_governing
DJI,Djibouti,FAO MEMBER NATION,1985,9999,"Ethiopia,Eritrea,Somalia","LIFDC,Africa,World,CEN_SAD,IGAD,FAO,LDC,eastern_Africa,COMESA",http://aims.fao.org/aos/geopolitical.owl#Djibouti,self_governing
GNQ,Equatorial Guinea,FAO MEMBER NATION,1985,9999,"Gabon,Cameroon","middle_Africa,CEMAC,Africa,FAO,LDC,CEEAC,World",http://aims.fao.org/aos/geopolitical.owl#Equatorial_Guinea,self_governing
ARE,United Arab Emirates,FAO MEMBER NATION,1985,9999,"Oman,Saudi_Arabia","CCASG,World,FAO,Asia,CAEU,western_Asia",http://aims.fao.org/aos/geopolitical.owl#United_Arab_Emirates__the,self_governing
SAU,Saudi Arabia,FAO MEMBER NATION,1985,9999,"Jordan,Qatar,Iraq,United_Arab_Emirates__the,Oman,Yemen,Kuwait","Asia,CCASG,western_Asia,FAO,World",http://aims.fao.org/aos/geopolitical.owl#Saudi_Arabia,self_governing
SLV,El Salvador,FAO MEMBER NATION,1985,9999,"Honduras,Guatemala","CAC,central_America,Americas,FAO,World",http://aims.fao.org/aos/geopolitical.owl#El_Salvador,self_governing
YEM,Yemen,FAO MEMBER NATION,1990,9999,"Oman,Saudi_Arabia","LDC,CAEU,Asia,LIFDC,World,FAO,western_Asia",http://aims.fao.org/aos/geopolitical.owl#Yemen,self_governing
ISR,Israel,FAO MEMBER NATION,1985,9999,"Egypt,Syrian_Arab_Republic_the,Lebanon,Jordan","FAO,World,Asia,western_Asia",http://aims.fao.org/aos/geopolitical.owl#Israel,self_governing
VCT,Saint Vincent and the Grenadines,FAO MEMBER NATION,1985,9999,,"Americas,CARIFORUM,NFIDC,Caribbean,CARICOM,World,SIDS,FAO",http://aims.fao.org/aos/geopolitical.owl#Saint_Vincent_and_the_Grenadines,self_governing
SWZ,Swaziland,FAO MEMBER NATION,1985,9999,"Mozambique,South_Africa","COMESA,SADC,World,Africa,FAO,LLDC",http://aims.fao.org/aos/geopolitical.owl#Swaziland,self_governing
CHL,Chile,FAO MEMBER NATION,1985,9999,"Argentina,Bolivia,Peru","South_America,World,FAO,Americas",http://aims.fao.org/aos/geopolitical.owl#Chile,self_governing
HND,Honduras,FAO MEMBER NATION,1985,9999,"Nicaragua,Guatemala,El_Salvador","NFIDC,FAO,Americas,World,LIFDC,central_America,CAC",http://aims.fao.org/aos/geopolitical.owl#Honduras,self_governing
BEN,Benin,FAO MEMBER NATION,1985,9999,"Nigeria,Burkina_Faso,Togo,Niger_the","ECOWAS,FAO,LDC,UEMOA,CEN_SAD,LIFDC,western_Africa,World,Africa",http://aims.fao.org/aos/geopolitical.owl#Benin,self_governing
COM,Comoros,FAO MEMBER NATION,1985,9999,,"Africa,FAO,COMESA,eastern_Africa,LDC,World,SIDS,LIFDC,CEN_SAD",http://aims.fao.org/aos/geopolitical.owl#Comoros_the,self_governing
USA,United States of America,FAO MEMBER NATION,1985,9999,"Mexico,Canada","northern_America,World,Americas,FAO",http://aims.fao.org/aos/geopolitical.owl#United_States_of_America,self_governing
LKA,Sri Lanka,FAO MEMBER NATION,1985,9999,,"SAARC,Asia,southern_Asia,FAO,NFIDC,LIFDC,World",http://aims.fao.org/aos/geopolitical.owl#Sri_Lanka,self_governing
FIN,Finland,FAO MEMBER NATION,1985,9999,"Sweden,Russian_Federation__the,Norway","EU,Europe,World,FAO,northern_Europe",http://aims.fao.org/aos/geopolitical.owl#Finland,self_governing
TUR,Turkey,FAO MEMBER NATION,1985,9999,"Iraq,Bulgaria,Iran_Islamic_Rep_of_,Azerbaijan,Georgia,Syrian_Arab_Republic_the,Armenia,Greece","ECO,World,FAO,western_Asia,Asia",http://aims.fao.org/aos/geopolitical.owl#Turkey,self_governing
BTN,Bhutan,FAO MEMBER NATION,1985,9999,"India,China","World,Asia,SAARC,LIFDC,LLDC,southern_Asia,LDC,FAO",http://aims.fao.org/aos/geopolitical.owl#Bhutan,self_governing
CYP,Cyprus,FAO MEMBER NATION,1985,9999,,"western_Asia,EU,World,FAO,Asia",http://aims.fao.org/aos/geopolitical.owl#Cyprus,self_governing
GHA,Ghana,FAO MEMBER NATION,1985,9999,"Togo,Cote_d_Ivoire,Burkina_Faso","Africa,ECOWAS,World,FAO,CEN_SAD,LIFDC,western_Africa",http://aims.fao.org/aos/geopolitical.owl#Ghana,self_governing
COG,Congo,FAO MEMBER NATION,1985,9999,"Democratic_Republic_of_the_Congo,Gabon,Cameroon,Angola,Central_African_Republic_the","CEMAC,FAO,CEEAC,Africa,LIFDC,middle_Africa,World",http://aims.fao.org/aos/geopolitical.owl#Congo_the,self_governing
MMR,Myanmar,FAO MEMBER NATION,1985,9999,"Lao_People_s_Democratic_Republic__the,China,India,Thailand,Bangladesh","south-eastern_Asia,Asia,World,LDC,FAO",http://aims.fao.org/aos/geopolitical.owl#Myanmar,self_governing
ARG,Argentina,FAO MEMBER NATION,1985,9999,"Uruguay,Brazil,Paraguay,Bolivia,Chile","South_America,FAO,MERCOSUR,Americas,World",http://aims.fao.org/aos/geopolitical.owl#Argentina,self_governing
DNK,Denmark,FAO MEMBER NATION,1985,9999,Germany,"FAO,World,northern_Europe,EU,Europe",http://aims.fao.org/aos/geopolitical.owl#Denmark,self_governing
NAM,Namibia,FAO MEMBER NATION,1985,9999,"Botswana,Angola,Zambia,South_Africa","World,FAO,SADC,Africa,NFIDC",http://aims.fao.org/aos/geopolitical.owl#Namibia,self_governing
PHL,Philippines,FAO MEMBER NATION,1985,9999,,"south-eastern_Asia,FAO,LIFDC,World,Asia",http://aims.fao.org/aos/geopolitical.owl#Philippines__the,self_governing
BOL,Bolivia (Plurinational State of),FAO MEMBER NATION,1985,9999,"Peru,Argentina,Paraguay,Brazil,Chile","LLDC,CAN,South_America,World,Americas,FAO",http://aims.fao.org/aos/geopolitical.owl#Bolivia,self_governing
MLT,Malta,FAO MEMBER NATION,1985,9999,,"FAO,Europe,World,southern_Europe,EU",http://aims.fao.org/aos/geopolitical.owl#Malta,self_governing
CHN,China,FAO MEMBER NATION,1985,9999,"India,Tajikistan,Russian_Federation__the,Afghanistan,Nepal,Pakistan,Mongolia,Kyrgyzstan,Myanmar,Lao_People_s_Democratic_Republic__the,Kazakhstan,Viet_Nam,Democratic_People_s_Republic_of_Korea_the,Bhutan","eastern_Asia,World,Asia,FAO",http://aims.fao.org/aos/geopolitical.owl#China,self_governing
HRV,Croatia,FAO MEMBER NATION,1992,9999,"Montenegro,Slovenia,Serbia,Bosnia_and_Herzegovina,Hungary","southern_Europe,Europe,FAO,World",http://aims.fao.org/aos/geopolitical.owl#Croatia,self_governing
NOR,Norway,FAO MEMBER NATION,1985,9999,"Finland,Sweden,Russian_Federation__the","Europe,northern_Europe,World,FAO",http://aims.fao.org/aos/geopolitical.owl#Norway,self_governing
MWI,Malawi,FAO MEMBER NATION,1985,9999,"Zambia,United_Republic_of_Tanzania__the,Mozambique","LDC,LIFDC,LLDC,Africa,World,FAO,eastern_Africa,SADC,COMESA",http://aims.fao.org/aos/geopolitical.owl#Malawi,self_governing
AUT,Austria,FAO MEMBER NATION,1985,9999,"Slovakia,Liechtenstein,Hungary,Czech_Republic_the,Germany,Slovenia,Switzerland,Italy","EU,western_Europe,FAO,Europe,World",http://aims.fao.org/aos/geopolitical.owl#Austria,self_governing
DMA,Dominica,FAO MEMBER NATION,1985,9999,,"Caribbean,NFIDC,SIDS,Americas,World,CARIFORUM,CARICOM,FAO",http://aims.fao.org/aos/geopolitical.owl#Dominica,self_governing
BIH,Bosnia and Herzegovina,FAO MEMBER NATION,1992,9999,"Serbia,Croatia,Montenegro","southern_Europe,World,FAO,Europe",http://aims.fao.org/aos/geopolitical.owl#Bosnia_and_Herzegovina,self_governing
LBR,Liberia,FAO MEMBER NATION,1985,9999,"Cote_d_Ivoire,Sierra_Leone,Guinea","Africa,LIFDC,World,LDC,FAO,CEN_SAD,western_Africa,ECOWAS",http://aims.fao.org/aos/geopolitical.owl#Liberia,self_governing
KNA,Saint Kitts and Nevis,FAO MEMBER NATION,1985,9999,,"World,Caribbean,CARIFORUM,Americas,NFIDC,FAO,SIDS,CARICOM",http://aims.fao.org/aos/geopolitical.owl#Saint_Kitts_and_Nevis,self_governing
MNE,Montenegro,FAO MEMBER NATION,2006,9999,"Croatia,Bosnia_and_Herzegovina,Serbia,Albania","FAO,southern_Europe,World,Europe",http://aims.fao.org/aos/geopolitical.owl#Montenegro,self_governing
PRT,Portugal,FAO MEMBER NATION,1985,9999,Spain,"Europe,FAO,World,southern_Europe,EU",http://aims.fao.org/aos/geopolitical.owl#Portugal,self_governing
AND,Andorra,FAO MEMBER NATION,1985,9999,"Spain,France","FAO,World,Europe,southern_Europe",http://aims.fao.org/aos/geopolitical.owl#Andorra,self_governing
BGR,Bulgaria,FAO MEMBER NATION,1985,9999,"The_former_Yugoslav_Republic_of_Macedonia,Turkey,Romania,Greece,Serbia","Europe,FAO,eastern_Europe,EU,World",http://aims.fao.org/aos/geopolitical.owl#Bulgaria,self_governing
ESP,Spain,FAO MEMBER NATION,1985,9999,"France,Morocco,Portugal,Gibraltar,Andorra","Europe,EU,southern_Europe,FAO,World",http://aims.fao.org/aos/geopolitical.owl#Spain,self_governing
MRT,Mauritania,FAO MEMBER NATION,1985,9999,"Senegal,Algeria,Mali","LIFDC,CAEU,World,western_Africa,AMU,FAO,Africa,LDC,CEN_SAD",http://aims.fao.org/aos/geopolitical.owl#Mauritania,self_governing
BHS,Bahamas,FAO MEMBER NATION,1985,9999,,"World,CARICOM,Caribbean,SIDS,FAO,CARIFORUM,Americas",http://aims.fao.org/aos/geopolitical.owl#Bahamas_the,self_governing
TUN,Tunisia,FAO MEMBER NATION,1985,9999,"Libyan_Arab_Jamahiriya__the,Algeria","Africa,AMU,CEN_SAD,CAEU,FAO,northern_Africa,World,NFIDC",http://aims.fao.org/aos/geopolitical.owl#Tunisia,self_governing
SVN,Slovenia,FAO MEMBER NATION,1992,9999,"Italy,Austria,Croatia,Hungary","FAO,Europe,southern_Europe,EU,World",http://aims.fao.org/aos/geopolitical.owl#Slovenia,self_governing
KIR,Kiribati,FAO MEMBER NATION,1985,9999,,"World,FAO,LIFDC,PIF,Oceania,LDC,Micronesia,SIDS",http://aims.fao.org/aos/geopolitical.owl#Kiribati,self_governing
STP,Sao Tome and Principe,FAO MEMBER NATION,1985,9999,,"LIFDC,FAO,SIDS,middle_Africa,Africa,CEEAC,World,CEN_SAD,LDC",http://aims.fao.org/aos/geopolitical.owl#Sao_Tome_and_Principe,self_governing
SEN,Senegal,FAO MEMBER NATION,1985,9999,"Mauritania,Gambia__the,Guinea,Guinea-Bissau,Mali","LDC,ECOWAS,CEN_SAD,World,LIFDC,Africa,western_Africa,FAO,NFIDC,UEMOA",http://aims.fao.org/aos/geopolitical.owl#Senegal,self_governing
ERI,Eritrea,FAO MEMBER NATION,1993,9999,"Djibouti,Ethiopia,Sudan_the","CEN_SAD,IGAD,COMESA,eastern_Africa,LIFDC,FAO,LDC,Africa,World",http://aims.fao.org/aos/geopolitical.owl#Eritrea,self_governing
GMB,Gambia,FAO MEMBER NATION,1985,9999,Senegal,"Africa,ECOWAS,LIFDC,FAO,LDC,World,CEN_SAD,western_Africa",http://aims.fao.org/aos/geopolitical.owl#Gambia__the,self_governing
CPV,Cape Verde,FAO MEMBER NATION,1985,9999,,"FAO,World,ECOWAS,SIDS,Africa,western_Africa",http://aims.fao.org/aos/geopolitical.owl#Cape_Verde,self_governing
GRC,Greece,FAO MEMBER NATION,1985,9999,"Turkey,The_former_Yugoslav_Republic_of_Macedonia,Albania,Bulgaria","southern_Europe,FAO,World,EU,Europe",http://aims.fao.org/aos/geopolitical.owl#Greece,self_governing
SLE,Sierra Leone,FAO MEMBER NATION,1985,9999,"Guinea,Liberia","World,FAO,CEN_SAD,Africa,ECOWAS,LIFDC,LDC,western_Africa",http://aims.fao.org/aos/geopolitical.owl#Sierra_Leone,self_governing
BEL,Belgium,FAO MEMBER NATION,1985,9999,"France,Luxembourg,Netherlands_the,Germany","western_Europe,EU,FAO,World,Europe",http://aims.fao.org/aos/geopolitical.owl#Belgium,self_governing
LBN,Lebanon,FAO MEMBER NATION,1985,9999,"Israel,Syrian_Arab_Republic_the","western_Asia,Asia,World,FAO",http://aims.fao.org/aos/geopolitical.owl#Lebanon,self_governing
CMR,Cameroon,FAO MEMBER NATION,1985,9999,"Central_African_Republic_the,Chad,Equatorial_Guinea,Nigeria,Congo_the,Gabon","LIFDC,FAO,World,CEMAC,CEEAC,middle_Africa,Africa",http://aims.fao.org/aos/geopolitical.owl#Cameroon,self_governing
ETH,Ethiopia,FAO MEMBER NATION,1993,9999,"Somalia,Kenya,Sudan_the,Eritrea,Djibouti","eastern_Africa,LDC,COMESA,FAO,IGAD,Africa,World,LLDC,LIFDC",http://aims.fao.org/aos/geopolitical.owl#Ethiopia,self_governing
GBR,United Kingdom,FAO MEMBER NATION,1985,9999,Ireland,"EU,Europe,FAO,World,northern_Europe",http://aims.fao.org/aos/geopolitical.owl#United_Kingdom_of_Great_Britain_and_Northern_Ireland__the,self_governing
JAM,Jamaica,FAO MEMBER NATION,1985,9999,,"CARIFORUM,NFIDC,FAO,CARICOM,Caribbean,SIDS,World,Americas",http://aims.fao.org/aos/geopolitical.owl#Jamaica,self_governing
MDV,Maldives,FAO MEMBER NATION,1985,9999,,"World,FAO,SIDS,southern_Asia,LDC,SAARC,Asia",http://aims.fao.org/aos/geopolitical.owl#Maldives,self_governing
GEO,Georgia,FAO MEMBER NATION,1991,9999,"Russian_Federation__the,Turkey,Azerbaijan,Armenia","Asia,World,FAO,LIFDC,western_Asia",http://aims.fao.org/aos/geopolitical.owl#Georgia,self_governing
BWA,Botswana,FAO MEMBER NATION,1985,9999,"Namibia,Zimbabwe,South_Africa","NFIDC,FAO,LLDC,SADC,World,Africa",http://aims.fao.org/aos/geopolitical.owl#Botswana,self_governing
AGO,Angola,FAO MEMBER NATION,1985,9999,"Congo_the,Democratic_Republic_of_the_Congo,Zambia,Namibia","LDC,FAO,World,middle_Africa,SADC,CEEAC,Africa",http://aims.fao.org/aos/geopolitical.owl#Angola,self_governing
TZA,United Republic of Tanzania,FAO MEMBER NATION,1985,9999,"Uganda,Rwanda,Mozambique,Zambia,Kenya,Malawi,Democratic_Republic_of_the_Congo,Burundi","SADC,eastern_Africa,LIFDC,FAO,LDC,Africa,World",http://aims.fao.org/aos/geopolitical.owl#United_Republic_of_Tanzania__the,self_governing
TTO,Trinidad and Tobago,FAO MEMBER NATION,1985,9999,,"Caribbean,SIDS,FAO,Americas,CARIFORUM,World,NFIDC,CARICOM",http://aims.fao.org/aos/geopolitical.owl#Trinidad_and_Tobago,self_governing
HTI,Haiti,FAO MEMBER NATION,1985,9999,Dominican_Republic_the,"CARICOM,Americas,Caribbean,CARIFORUM,SIDS,World,FAO,LIFDC,LDC",http://aims.fao.org/aos/geopolitical.owl#Haiti,self_governing
PAK,Pakistan,FAO MEMBER NATION,1985,9999,"China,Iran_Islamic_Rep_of_,India,Afghanistan","World,Asia,SAARC,ECO,FAO,LIFDC,NFIDC,southern_Asia",http://aims.fao.org/aos/geopolitical.owl#Pakistan,self_governing
PNG,Papua New Guinea,FAO MEMBER NATION,1985,9999,Indonesia,"Oceania,FAO,LIFDC,PIF,SIDS,Melanesia,World",http://aims.fao.org/aos/geopolitical.owl#Papua_New_Guinea,self_governing
BLZ,Belize,FAO MEMBER NATION,1985,9999,"Guatemala,Mexico","CARIFORUM,World,CAC,Americas,CARICOM,SIDS,central_America,FAO",http://aims.fao.org/aos/geopolitical.owl#Belize,self_governing
PER,Peru,FAO MEMBER NATION,1985,9999,"Bolivia,Chile,Ecuador,Brazil,Colombia","CAN,South_America,World,Americas,FAO,NFIDC",http://aims.fao.org/aos/geopolitical.owl#Peru,self_governing
ZWE,Zimbabwe,FAO MEMBER NATION,1985,9999,"Zambia,Botswana,South_Africa,Mozambique","eastern_Africa,FAO,LIFDC,World,COMESA,SADC,Africa,LLDC",http://aims.fao.org/aos/geopolitical.owl#Zimbabwe,self_governing
BDI,Burundi,FAO MEMBER NATION,1985,9999,"Rwanda,United_Republic_of_Tanzania__the,Democratic_Republic_of_the_Congo","LDC,FAO,CEEAC,LLDC,eastern_Africa,LIFDC,COMESA,Africa,World",http://aims.fao.org/aos/geopolitical.owl#Burundi,self_governing
COL,Colombia,FAO MEMBER NATION,1985,9999,"Peru,Venezuela,Brazil,Panama,Ecuador","FAO,World,South_America,CAN,Americas",http://aims.fao.org/aos/geopolitical.owl#Colombia,self_governing
BLR,Belarus,FAO MEMBER NATION,1991,9999,"Poland,Lithuania,Ukraine,Russian_Federation__the,Latvia","eastern_Europe,World,Europe,FAO",http://aims.fao.org/aos/geopolitical.owl#Belarus,self_governing
SLB,Solomon Islands,FAO MEMBER NATION,1985,9999,,"Melanesia,FAO,LDC,Oceania,PIF,LIFDC,SIDS,World",http://aims.fao.org/aos/geopolitical.owl#Solomon_Islands,self_governing
SMR,San Marino,FAO MEMBER NATION,1985,9999,Italy,"FAO,Europe,southern_Europe,World",http://aims.fao.org/aos/geopolitical.owl#San_Marino,self_governing
SYR,Syrian Arab Republic,FAO MEMBER NATION,1985,9999,"Iraq,Israel,Lebanon,Jordan,Turkey","Asia,western_Asia,LIFDC,CAEU,FAO,World",http://aims.fao.org/aos/geopolitical.owl#Syrian_Arab_Republic_the,self_governing
KAZ,Kazakhstan,FAO MEMBER NATION,1991,9999,"Russian_Federation__the,Turkmenistan,Uzbekistan,Kyrgyzstan,China","central_Asia,LLDC,Asia,FAO,ECO,World",http://aims.fao.org/aos/geopolitical.owl#Kazakhstan,self_governing
FRO,Faroe Islands,FAO MEMBER NATION,1985,9999,,"Europe,northern_Europe,World,FAO",http://aims.fao.org/aos/geopolitical.owl#Faroe_Islands,self_governing
MOZ,Mozambique,FAO MEMBER NATION,1985,9999,"South_Africa,Swaziland,Zambia,Malawi,Zimbabwe,United_Republic_of_Tanzania__the","SADC,LDC,World,FAO,Africa,eastern_Africa,LIFDC",http://aims.fao.org/aos/geopolitical.owl#Mozambique,self_governing
EST,Estonia,FAO MEMBER NATION,1991,9999,"Russian_Federation__the,Latvia","northern_Europe,World,EU,Europe,FAO",http://aims.fao.org/aos/geopolitical.owl#Estonia,self_governing
TON,Tonga,FAO MEMBER NATION,1985,9999,,"FAO,SIDS,PIF,Polynesia,Oceania,World",http://aims.fao.org/aos/geopolitical.owl#Tonga,self_governing
SOM,Somalia,FAO MEMBER NATION,1985,9999,"Djibouti,Kenya,Ethiopia","Africa,World,LIFDC,CEN_SAD,LDC,eastern_Africa,FAO,IGAD,CAEU",http://aims.fao.org/aos/geopolitical.owl#Somalia,self_governing
IDN,Indonesia,FAO MEMBER NATION,1985,9999,"Timor-Leste,Papua_New_Guinea,Malaysia","LIFDC,World,FAO,Asia,south-eastern_Asia",http://aims.fao.org/aos/geopolitical.owl#Indonesia,self_governing
NIU,Niue,FAO MEMBER NATION,1985,9999,,"Oceania,Polynesia,PIF,FAO,World,SIDS",http://aims.fao.org/aos/geopolitical.owl#Niue,self_governing
SRB,Serbia,FAO MEMBER NATION,2006,9999,"Croatia,Albania,Hungary,The_former_Yugoslav_Republic_of_Macedonia,Bulgaria,Bosnia_and_Herzegovina,Romania,Montenegro","Europe,southern_Europe,FAO,World",http://aims.fao.org/aos/geopolitical.owl#Serbia,self_governing
TGO,Togo,FAO MEMBER NATION,1985,9999,"Burkina_Faso,Ghana,Benin","FAO,LDC,World,UEMOA,Africa,LIFDC,ECOWAS,CEN_SAD,western_Africa",http://aims.fao.org/aos/geopolitical.owl#Togo,self_governing
DZA,Algeria,FAO MEMBER NATION,1985,9999,"Morocco,Mauritania,Mali,Niger_the,Libyan_Arab_Jamahiriya__the,Tunisia","FAO,World,AMU,northern_Africa,Africa",http://aims.fao.org/aos/geopolitical.owl#Algeria,self_governing
ATG,Antigua and Barbuda,FAO MEMBER NATION,1985,9999,,"Americas,SIDS,World,CARIFORUM,Caribbean,CARICOM,FAO",http://aims.fao.org/aos/geopolitical.owl#Antigua_and_Barbuda,self_governing
MEX,Mexico,FAO MEMBER NATION,1985,9999,"Belize,Guatemala,United_States_of_America","central_America,World,Americas,FAO",http://aims.fao.org/aos/geopolitical.owl#Mexico,self_governing
LVA,Latvia,FAO MEMBER NATION,1991,9999,"Russian_Federation__the,Belarus,Lithuania,Estonia","World,Europe,FAO,EU,northern_Europe",http://aims.fao.org/aos/geopolitical.owl#Latvia,self_governing
OMN,Oman,FAO MEMBER NATION,1985,9999,"Saudi_Arabia,Yemen,United_Arab_Emirates__the","FAO,Asia,CCASG,western_Asia,World",http://aims.fao.org/aos/geopolitical.owl#Oman,self_governing
UGA,Uganda,FAO MEMBER NATION,1985,9999,"United_Republic_of_Tanzania__the,Democratic_Republic_of_the_Congo,Kenya,Rwanda,Sudan_the","Africa,LLDC,eastern_Africa,COMESA,IGAD,FAO,LDC,World,LIFDC",http://aims.fao.org/aos/geopolitical.owl#Uganda,self_governing
BGD,Bangladesh,FAO MEMBER NATION,1985,9999,"Myanmar,India","LIFDC,World,FAO,LDC,southern_Asia,Asia,SAARC",http://aims.fao.org/aos/geopolitical.owl#Bangladesh,self_governing
ZAF,South Africa,FAO MEMBER NATION,1985,9999,"Lesotho,Botswana,Namibia,Mozambique,Zimbabwe,Swaziland","World,SADC,Africa,FAO",http://aims.fao.org/aos/geopolitical.owl#South_Africa,self_governing
AZE,Azerbaijan,FAO MEMBER NATION,1991,9999,"Turkey,Armenia,Georgia,Russian_Federation__the,Iran_Islamic_Rep_of_","FAO,ECO,Asia,western_Asia,LLDC,World",http://aims.fao.org/aos/geopolitical.owl#Azerbaijan,self_governing
GUY,Guyana,FAO MEMBER NATION,1985,9999,"Brazil,Venezuela,Suriname","CARICOM,World,Americas,South_America,FAO,CARIFORUM,SIDS",http://aims.fao.org/aos/geopolitical.owl#Guyana,self_governing
PRK,Democratic People's Republic of Korea,FAO MEMBER NATION,1985,9999,"Republic_of_Korea__the,China,Russian_Federation__the","Asia,FAO,eastern_Asia,World,LIFDC",http://aims.fao.org/aos/geopolitical.owl#Democratic_People_s_Republic_of_Korea_the,self_governing
NRU,Nauru,FAO MEMBER NATION,1985,9999,,"PIF,World,Micronesia,Oceania,FAO,SIDS",http://aims.fao.org/aos/geopolitical.owl#Nauru,self_governing
MYS,Malaysia,FAO MEMBER NATION,1985,9999,"Indonesia,Brunei_Darussalam,Thailand","Asia,FAO,World,south-eastern_Asia",http://aims.fao.org/aos/geopolitical.owl#Malaysia,self_governing
SYC,Seychelles,FAO MEMBER NATION,1985,9999,,"eastern_Africa,World,Africa,COMESA,SADC,SIDS,FAO",http://aims.fao.org/aos/geopolitical.owl#Seychelles,self_governing
CZE,Czech Republic,FAO MEMBER NATION,1993,9999,"Poland,Germany,Austria,Slovakia","Europe,World,FAO,eastern_Europe,EU",http://aims.fao.org/aos/geopolitical.owl#Czech_Republic_the,self_governing
ISO3,LISTNAME_EN,FAO_MEMBERS,VALID_SINCE,VALID_UNTIL,HAS_MEMBER,,URI,CATEGORY
,NFIDC,,2011,9999,"Dominica,Jamaica,Honduras,Cote_d_Ivoire,Senegal,Peru,Mauritius,Dominican_Republic_the,Barbados,Namibia,Kenya,Morocco,Saint_Vincent_and_the_Grenadines,Jordan,Saint_Lucia,Trinidad_and_Tobago,Gabon,Mongolia,Saint_Kitts_and_Nevis,Cuba,Botswana,Sri_Lanka,Tunisia,Egypt,Venezuela,Pakistan",,http://aims.fao.org/aos/geopolitical.owl#NFIDC,special_group
,Small Island Developing States,,1991,9999,"New_Caledonia,Cape_Verde,Aruba,Vanuatu,Dominica,Nauru,Solomon_Islands,Puerto_Rico,Cook_Islands_the,Maldives,Belize,Niue,Palau,Dominican_Republic_the,Bahrain,Saint_Kitts_and_Nevis,Guam,Anguilla,Tonga,Marshall_Islands__the,Comoros_the,Saint_Vincent_and_the_Grenadines,Singapore,Suriname,French_Polynesia,Bahamas_the,Guyana,Barbados,British_Virgin_Islands,Cuba,American_Samoa,Samoa,Seychelles,Fiji,Antigua_and_Barbuda,Sao_Tome_and_Principe,Kiribati,Guinea-Bissau,Papua_New_Guinea,Grenada,Mauritius,Montserrat,Haiti,Jamaica,Timor-Leste,Saint_Lucia,Micronesia__Fed_States_of_,Tuvalu,Trinidad_and_Tobago",,http://aims.fao.org/aos/geopolitical.owl#SIDS,special_group
,World,,2007,9999,"Austria,Sudan_the,Comoros_the,Cape_Verde,Denmark,Lebanon,Djibouti,Costa_Rica,Kenya,Japan,Nauru,Netherlands_the,Greece,Haiti,Tajikistan,Malawi,Jordan,Mozambique,Azerbaijan,Madagascar,Gabon,Nigeria,Cyprus,Poland,Venezuela,Namibia,Estonia,Cambodia,Bangladesh,Gambia__the,Montenegro,Qatar,Micronesia__Fed_States_of_,Syrian_Arab_Republic_the,Nicaragua,Russian_Federation__the,Germany,Malta,Iraq,Bhutan,Canada,Central_African_Republic_the,Angola,Tonga,Nepal,Samoa,Viet_Nam,Mongolia,Jamaica,Grenada,El_Salvador,United_Republic_of_Tanzania__the,Singapore,Israel,Palau,San_Marino,Faroe_Islands,Niger_the,Australia,Saudi_Arabia,Zambia,Monaco,France,Guyana,Armenia,Belize,Panama,Latvia,Papua_New_Guinea,Timor-Leste,Zimbabwe,Mali,Benin,Pakistan,Saint_Vincent_and_the_Grenadines,Liberia,Tuvalu,Seychelles,Uzbekistan,Slovenia,Bolivia,Andorra,Sweden,Congo_the,Mauritius,Marshall_Islands__the,Paraguay,Libyan_Arab_Jamahiriya__the,Argentina,Ecuador,Kuwait,Oman,Dominican_Republic_the,Democratic_Republic_of_the_Congo,Antigua_and_Barbuda,Lithuania,Brunei_Darussalam,Georgia,Turkmenistan,Lao_People_s_Democratic_Republic__the,Republic_of_Korea__the,Lesotho,Uganda,India,Egypt,Algeria,Bahamas_the,Myanmar,Ethiopia,The_former_Yugoslav_Republic_of_Macedonia,China,Croatia,Togo,Saint_Lucia,Honduras,Portugal,South_Africa,Albania,Republic_of_Moldova,Equatorial_Guinea,Chile,Hungary,Morocco,Chad,Turkey,Somalia,Eritrea,Saint_Kitts_and_Nevis,Thailand,Botswana,Luxembourg,Dominica,Kiribati,Bulgaria,Mauritania,Spain,Malaysia,United_Arab_Emirates__the,Iceland,Cuba,Sierra_Leone,Mexico,Vanuatu,Holy_See,Solomon_Islands,Peru,Italy,United_Kingdom_of_Great_Britain_and_Northern_Ireland__the,Belarus,Finland,Serbia,Senegal,Ghana,Iran_Islamic_Rep_of_,Belgium,Indonesia,Czech_Republic_the,Tunisia,Kyrgyzstan,Yemen,Kazakhstan,Democratic_People_s_Republic_of_Korea_the,Niue,Trinidad_and_Tobago,Guatemala,Burundi,Barbados,Slovakia,Fiji,Sri_Lanka,Ireland,Burkina_Faso,Suriname,Guinea,Cook_Islands_the,Swaziland,Philippines__the,Brazil,Cameroon,Guinea-Bissau,Ukraine,Rwanda,Bosnia_and_Herzegovina,Colombia,Afghanistan,Bahrain,Romania,New_Zealand,Liechtenstein,Sao_Tome_and_Principe,Cote_d_Ivoire,Uruguay,Norway,Maldives,United_States_of_America",,http://aims.fao.org/aos/geopolitical.owl#World,special_group
,low income and food deficit countries,,2011,9999,"Indonesia,Sri_Lanka,Eritrea,Nigeria,Pakistan,Lesotho,Afghanistan,Republic_of_Moldova,Tuvalu,Vanuatu,Honduras,Benin,Timor-Leste,Nepal,Madagascar,Uganda,Kyrgyzstan,Rwanda,Ghana,Sudan_the,Senegal,Egypt,Syrian_Arab_Republic_the,Papua_New_Guinea,Niger_the,Kiribati,Democratic_Republic_of_the_Congo,Philippines__the,Turkmenistan,Tajikistan,United_Republic_of_Tanzania__the,Mauritania,Congo_the,Cambodia,Djibouti,Gambia__the,Sierra_Leone,Haiti,Ethiopia,Uzbekistan,Bhutan,Comoros_the,Central_African_Republic_the,Georgia,Mozambique,Cote_d_Ivoire,Somalia,Mongolia,Democratic_People_s_Republic_of_Korea_the,Guinea,Nicaragua,Solomon_Islands,Burkina_Faso,Chad,Kenya,Yemen,Cameroon,Malawi,Zimbabwe,Burundi,Sao_Tome_and_Principe,Bangladesh,Togo,Mali,Zambia,Lao_People_s_Democratic_Republic__the,Guinea-Bissau,Iraq,India,Liberia",,http://aims.fao.org/aos/geopolitical.owl#LIFDC,special_group
,land-locked developing country,,1993,9999,"Armenia,Kyrgyzstan,Uganda,Mongolia,Mali,Niger_the,Kazakhstan,Uzbekistan,Rwanda,Chad,Bhutan,Lao_People_s_Democratic_Republic__the,Ethiopia,Zimbabwe,Central_African_Republic_the,Swaziland,Botswana,Republic_of_Moldova,Azerbaijan,Paraguay,Burkina_Faso,Turkmenistan,Burundi,Lesotho,Afghanistan,The_former_Yugoslav_Republic_of_Macedonia,Nepal,Zambia,Malawi,Bolivia,Tajikistan",,http://aims.fao.org/aos/geopolitical.owl#LLDC,special_group
,least developed countries,,2010,9999,"Togo,Zambia,Sudan_the,Eritrea,Guinea,Myanmar,Uganda,Mauritania,Guinea-Bissau,Comoros_the,Nepal,Ethiopia,Djibouti,Afghanistan,Bhutan,Rwanda,Maldives,Democratic_Republic_of_the_Congo,Niger_the,Yemen,Madagascar,Senegal,Solomon_Islands,Bangladesh,Mali,Equatorial_Guinea,Benin,Cambodia,Timor-Leste,Lao_People_s_Democratic_Republic__the,Burundi,Liberia,Vanuatu,Angola,Lesotho,Mozambique,Somalia,Haiti,Chad,Burkina_Faso,Malawi,Kiribati,Central_African_Republic_the,Sao_Tome_and_Principe,Sierra_Leone,Samoa,United_Republic_of_Tanzania__the,Gambia__the,Tuvalu",,http://aims.fao.org/aos/geopolitical.owl#LDC,special_group
ISO3,LISTNAME_EN,FAO_MEMBERS,VALID_SINCE,VALID_UNTIL,HAS_MEMBER,,URI,CATEGORY
,Pacific Islands Forum,,2009,9999,"Marshall_Islands__the,Tonga,Vanuatu,New_Zealand,Samoa,Palau,Kiribati,Micronesia__Fed_States_of_,Australia,Papua_New_Guinea,Tuvalu,Cook_Islands_the,Solomon_Islands,Niue,Nauru",,http://aims.fao.org/aos/geopolitical.owl#PIF,economic_region
,Caribbean Community and Common Market,,2002,9999,"Barbados,Saint_Lucia,Grenada,Suriname,Belize,Antigua_and_Barbuda,Saint_Kitts_and_Nevis,Trinidad_and_Tobago,Haiti,Bahamas_the,Jamaica,Dominica,Saint_Vincent_and_the_Grenadines,Guyana",,http://aims.fao.org/aos/geopolitical.owl#CARICOM,economic_region
,Economic Community of West African States,,2009,9999,"Nigeria,Ghana,Gambia__the,Mali,Burkina_Faso,Benin,Guinea-Bissau,Cape_Verde,Senegal,Liberia,Sierra_Leone,Cote_d_Ivoire,Togo",,http://aims.fao.org/aos/geopolitical.owl#ECOWAS,economic_region
,Cooperation Council for the Arab States of the Gulf,,1985,9999,"Saudi_Arabia,Qatar,Kuwait,United_Arab_Emirates__the,Bahrain,Oman",,http://aims.fao.org/aos/geopolitical.owl#CCASG,economic_region
,Arab Maghreb Union,,1985,9999,"Tunisia,Algeria,Morocco,Libyan_Arab_Jamahiriya__the,Mauritania",,http://aims.fao.org/aos/geopolitical.owl#AMU,economic_region
,West African Economic and Monetary Union,,1994,9999,"Niger_the,Cote_d_Ivoire,Togo,Benin,Burkina_Faso,Mali,Senegal,Guinea-Bissau",,http://aims.fao.org/aos/geopolitical.owl#UEMOA,economic_region
,Southern Common Market,,1991,9999,"Uruguay,Argentina,Paraguay,Brazil",,http://aims.fao.org/aos/geopolitical.owl#MERCOSUR,economic_region
,Central African Economic and Monetary Community,,1985,9999,"Congo_the,Gabon,Equatorial_Guinea,Central_African_Republic_the,Cameroon,Chad",,http://aims.fao.org/aos/geopolitical.owl#CEMAC,economic_region
,"Caribbean Forum of African, Caribbean and Pacific States",,1985,9999,"Guyana,Haiti,Saint_Vincent_and_the_Grenadines,Bahamas_the,Dominican_Republic_the,Saint_Kitts_and_Nevis,Belize,Trinidad_and_Tobago,Grenada,Barbados,Jamaica,Saint_Lucia,Dominica,Antigua_and_Barbuda,Suriname",,http://aims.fao.org/aos/geopolitical.owl#CARIFORUM,economic_region
,Intergovernmental Authority on Development,,1986,9999,"Uganda,Sudan_the,Somalia,Ethiopia,Djibouti,Eritrea,Kenya",,http://aims.fao.org/aos/geopolitical.owl#IGAD,economic_region
,South Asian Association for Regional Cooperation,,2005,9999,"Bhutan,Bangladesh,Nepal,India,Maldives,Sri_Lanka,Pakistan,Afghanistan",,http://aims.fao.org/aos/geopolitical.owl#SAARC,economic_region
,Economic Cooperation Organization,,1985,9999,"Turkmenistan,Kazakhstan,Tajikistan,Azerbaijan,Iran_Islamic_Rep_of_,Uzbekistan,Pakistan,Afghanistan,Kyrgyzstan,Turkey",,http://aims.fao.org/aos/geopolitical.owl#ECO,economic_region
,Council of Arab Economic Unity,,1985,9999,"Mauritania,Tunisia,Yemen,Sudan_the,Egypt,Syrian_Arab_Republic_the,Libyan_Arab_Jamahiriya__the,Iraq,Kuwait,Somalia,United_Arab_Emirates__the,Jordan",,http://aims.fao.org/aos/geopolitical.owl#CAEU,economic_region
,Economic Community of Central African States,,1985,9999,"Equatorial_Guinea,Burundi,Gabon,Democratic_Republic_of_the_Congo,Congo_the,Angola,Rwanda,Central_African_Republic_the,Chad,Cameroon,Sao_Tome_and_Principe",,http://aims.fao.org/aos/geopolitical.owl#CEEAC,economic_region
,Central American Council of Agriculture,,1985,9999,"El_Salvador,Nicaragua,Belize,Panama,Honduras,Costa_Rica,Guatemala",,http://aims.fao.org/aos/geopolitical.owl#CAC,economic_region
,Southern African Development Community,,1992,9999,"South_Africa,Lesotho,Seychelles,Madagascar,Democratic_Republic_of_the_Congo,Mauritius,United_Republic_of_Tanzania__the,Angola,Namibia,Swaziland,Botswana,Zambia,Zimbabwe,Mozambique,Malawi",,http://aims.fao.org/aos/geopolitical.owl#SADC,economic_region
,Andean Community,,2006,9999,"Colombia,Bolivia,Peru,Ecuador",,http://aims.fao.org/aos/geopolitical.owl#CAN,economic_region
,Community of Sahel-Saharan States,,2008,9999,"Comoros_the,Eritrea,Cote_d_Ivoire,Senegal,Mali,Sudan_the,Sierra_Leone,Guinea,Niger_the,Somalia,Central_African_Republic_the,Ghana,Liberia,Sao_Tome_and_Principe,Burkina_Faso,Gambia__the,Morocco,Egypt,Chad,Mauritania,Kenya,Togo,Guinea-Bissau,Benin,Libyan_Arab_Jamahiriya__the,Tunisia,Djibouti,Nigeria",,http://aims.fao.org/aos/geopolitical.owl#CEN_SAD,economic_region
,Common Market for Eastern and Southern Africa,,2005,9999,"Djibouti,Kenya,Democratic_Republic_of_the_Congo,Eritrea,Seychelles,Egypt,Swaziland,Ethiopia,Uganda,Zambia,Rwanda,Malawi,Mauritius,Zimbabwe,Comoros_the,Libyan_Arab_Jamahiriya__the,Madagascar,Sudan_the,Burundi",,http://aims.fao.org/aos/geopolitical.owl#COMESA,economic_region
,European Union,,2007,9999,"Finland,Sweden,Luxembourg,Lithuania,Hungary,Spain,Ireland,Poland,United_Kingdom_of_Great_Britain_and_Northern_Ireland__the,Romania,Estonia,Portugal,Slovenia,Czech_Republic_the,Latvia,Germany,Greece,Bulgaria,Italy,Denmark,Slovakia,Belgium,France,Austria,Cyprus,Netherlands_the,Malta",,http://aims.fao.org/aos/geopolitical.owl#EU,economic_region
ISO3,LISTNAME_EN,FAO_MEMBERS,VALID_SINCE,VALID_UNTIL,HAS_MEMBER,,URI,CATEGORY
,Micronesia,,1991,9999,"Marshall_Islands__the,Nauru,Micronesia__Fed_States_of_,Palau,Kiribati",,http://aims.fao.org/aos/geopolitical.owl#Micronesia,geographical_region
,Australia and New Zealand,,1985,9999,"Australia,New_Zealand",,http://aims.fao.org/aos/geopolitical.owl#Australia_and_New_Zealand,geographical_region
,Americas,,1985,9999,"Honduras,Chile,Ecuador,Dominican_Republic_the,Antigua_and_Barbuda,Bolivia,Haiti,Saint_Kitts_and_Nevis,Paraguay,Grenada,Jamaica,Belize,Guatemala,Suriname,Barbados,Saint_Vincent_and_the_Grenadines,Guyana,Saint_Lucia,Venezuela,Panama,Nicaragua,Brazil,Dominica,Cuba,United_States_of_America,Canada,Mexico,Uruguay,Costa_Rica,Bahamas_the,Colombia,Peru,Trinidad_and_Tobago,El_Salvador,Argentina",,http://aims.fao.org/aos/geopolitical.owl#Americas,geographical_region
,eastern Europe,,1993,9999,"Czech_Republic_the,Hungary,Belarus,Slovakia,Ukraine,Poland,Russian_Federation__the,Republic_of_Moldova,Bulgaria,Romania",,http://aims.fao.org/aos/geopolitical.owl#eastern_Europe,geographical_region
,Melanesia,,1985,9999,"Fiji,Papua_New_Guinea,Solomon_Islands,Vanuatu",,http://aims.fao.org/aos/geopolitical.owl#Melanesia,geographical_region
,south-eastern Asia,,1985,9999,"Cambodia,Thailand,Timor-Leste,Myanmar,Viet_Nam,Brunei_Darussalam,Singapore,Lao_People_s_Democratic_Republic__the,Indonesia,Philippines__the,Malaysia",,http://aims.fao.org/aos/geopolitical.owl#south-eastern_Asia,geographical_region
,middle Africa,,1985,9999,"Congo_the,Sao_Tome_and_Principe,Angola,Equatorial_Guinea,Democratic_Republic_of_the_Congo,Gabon,Central_African_Republic_the,Chad,Cameroon",,http://aims.fao.org/aos/geopolitical.owl#middle_Africa,geographical_region
,northern Europe,,1991,9999,"Estonia,Sweden,Ireland,United_Kingdom_of_Great_Britain_and_Northern_Ireland__the,Faroe_Islands,Norway,Lithuania,Finland,Denmark,Latvia,Iceland",,http://aims.fao.org/aos/geopolitical.owl#northern_Europe,geographical_region
,Europe,,2006,9999,"Bosnia_and_Herzegovina,Germany,Netherlands_the,Slovenia,Montenegro,Greece,Faroe_Islands,Ukraine,Lithuania,Ireland,United_Kingdom_of_Great_Britain_and_Northern_Ireland__the,Romania,Italy,Republic_of_Moldova,Belgium,Croatia,France,Bulgaria,Poland,Denmark,Serbia,Sweden,San_Marino,Estonia,Luxembourg,Monaco,Belarus,Andorra,Austria,Albania,Latvia,Czech_Republic_the,Slovakia,The_former_Yugoslav_Republic_of_Macedonia,Portugal,Norway,Holy_See,Liechtenstein,Spain,Finland,Iceland,Switzerland,Hungary,Malta,Russian_Federation__the",,http://aims.fao.org/aos/geopolitical.owl#Europe,geographical_region
,Polynesia,,1985,9999,"Cook_Islands_the,Niue,Tonga,Tuvalu,Samoa",,http://aims.fao.org/aos/geopolitical.owl#Polynesia,geographical_region
,southern Europe,,2006,9999,"Malta,Holy_See,Montenegro,Greece,Spain,Andorra,San_Marino,Italy,Croatia,Albania,The_former_Yugoslav_Republic_of_Macedonia,Portugal,Serbia,Bosnia_and_Herzegovina,Slovenia",,http://aims.fao.org/aos/geopolitical.owl#southern_Europe,geographical_region
,western Europe,,1990,9999,"Belgium,Austria,Netherlands_the,Liechtenstein,Germany,Switzerland,France,Luxembourg,Monaco",,http://aims.fao.org/aos/geopolitical.owl#western_Europe,geographical_region
,eastern Asia,,1985,9999,"Mongolia,China,Republic_of_Korea__the,Japan,Democratic_People_s_Republic_of_Korea_the",,http://aims.fao.org/aos/geopolitical.owl#eastern_Asia,geographical_region
,Caribbean,,1985,9999,"Haiti,Dominican_Republic_the,Trinidad_and_Tobago,Saint_Vincent_and_the_Grenadines,Antigua_and_Barbuda,Saint_Kitts_and_Nevis,Dominica,Jamaica,Barbados,Bahamas_the,Saint_Lucia,Cuba,Grenada",,http://aims.fao.org/aos/geopolitical.owl#Caribbean,geographical_region
,central America,,1985,9999,"Panama,Mexico,Costa_Rica,El_Salvador,Belize,Honduras,Nicaragua,Guatemala",,http://aims.fao.org/aos/geopolitical.owl#central_America,geographical_region
,Asia,,1991,9999,"Turkey,Qatar,Iran_Islamic_Rep_of_,Oman,Nepal,Kazakhstan,Viet_Nam,Afghanistan,Israel,Tajikistan,Cyprus,Myanmar,United_Arab_Emirates__the,Sri_Lanka,Yemen,Democratic_People_s_Republic_of_Korea_the,Bangladesh,Kyrgyzstan,Bahrain,Mongolia,Syrian_Arab_Republic_the,Iraq,China,Maldives,Armenia,India,Indonesia,Malaysia,Jordan,Uzbekistan,Republic_of_Korea__the,Lao_People_s_Democratic_Republic__the,Lebanon,Brunei_Darussalam,Bhutan,Saudi_Arabia,Cambodia,Timor-Leste,Pakistan,Philippines__the,Kuwait,Azerbaijan,Thailand,Japan,Turkmenistan,Georgia,Singapore",,http://aims.fao.org/aos/geopolitical.owl#Asia,geographical_region
,eastern Africa,,1993,9999,"Malawi,Seychelles,Zambia,Madagascar,United_Republic_of_Tanzania__the,Djibouti,Ethiopia,Uganda,Somalia,Rwanda,Mauritius,Kenya,Zimbabwe,Mozambique,Eritrea,Comoros_the,Burundi",,http://aims.fao.org/aos/geopolitical.owl#eastern_Africa,geographical_region
,southern Asia,,1985,9999,"Bangladesh,Afghanistan,Maldives,India,Nepal,Pakistan,Iran_Islamic_Rep_of_,Sri_Lanka,Bhutan",,http://aims.fao.org/aos/geopolitical.owl#southern_Asia,geographical_region
,northern America,,1985,9999,"Canada,United_States_of_America",,http://aims.fao.org/aos/geopolitical.owl#northern_America,geographical_region
,South America,,1985,9999,"Chile,Colombia,Uruguay,Venezuela,Argentina,Guyana,Paraguay,Bolivia,Ecuador,Suriname,Brazil,Peru",,http://aims.fao.org/aos/geopolitical.owl#South_America,geographical_region
,Central Asia,,1991,9999,"Turkmenistan,Uzbekistan,Kazakhstan,Tajikistan,Kyrgyzstan",,http://aims.fao.org/aos/geopolitical.owl#central_Asia,geographical_region
,western Asia,,1991,9999,"Saudi_Arabia,Lebanon,Yemen,Kuwait,Azerbaijan,Iraq,Armenia,United_Arab_Emirates__the,Jordan,Cyprus,Syrian_Arab_Republic_the,Qatar,Israel,Bahrain,Georgia,Oman,Turkey",,http://aims.fao.org/aos/geopolitical.owl#western_Asia,geographical_region
,northern Africa,,1985,9999,"Algeria,Libyan_Arab_Jamahiriya__the,Egypt,Tunisia,Sudan_the,Morocco",,http://aims.fao.org/aos/geopolitical.owl#northern_Africa,geographical_region
,Oceania,,1991,9999,"Marshall_Islands__the,Tonga,Cook_Islands_the,Australia,Niue,Vanuatu,Papua_New_Guinea,Fiji,Kiribati,New_Zealand,Samoa,Micronesia__Fed_States_of_,Nauru,Tuvalu,Solomon_Islands,Palau",,http://aims.fao.org/aos/geopolitical.owl#Oceania,geographical_region
,Africa,,1993,9999,"Cote_d_Ivoire,Sudan_the,Eritrea,Lesotho,Chad,Malawi,Guinea,South_Africa,Ghana,Democratic_Republic_of_the_Congo,Somalia,Seychelles,Central_African_Republic_the,Ethiopia,Cameroon,Algeria,Mozambique,Benin,Kenya,Libyan_Arab_Jamahiriya__the,Sierra_Leone,Mauritania,Angola,Burundi,Liberia,Nigeria,Mauritius,Cape_Verde,Uganda,Equatorial_Guinea,Djibouti,Gabon,Rwanda,Egypt,Gambia__the,Guinea-Bissau,Zambia,Zimbabwe,Burkina_Faso,Comoros_the,Senegal,Togo,Mali,Namibia,Morocco,Congo_the,Tunisia,United_Republic_of_Tanzania__the,Botswana,Sao_Tome_and_Principe,Madagascar,Swaziland,Niger_the",,http://aims.fao.org/aos/geopolitical.owl#Africa,geographical_region
,western Africa,,1985,9999,"Guinea-Bissau,Sierra_Leone,Guinea,Niger_the,Benin,Ghana,Liberia,Mali,Gambia__the,Cote_d_Ivoire,Nigeria,Cape_Verde,Togo,Burkina_Faso,Mauritania,Senegal",,http://aims.fao.org/aos/geopolitical.owl#western_Africa,geographical_region
ISO3,LISTNAME_EN,FAO_MEMBERS,VALID_SINCE,VALID_UNTIL,HAS_MEMBER,,URI,CATEGORY
,Food and Agriculture Organization of the United Nations,,2008,9999,"Thailand,Saudi_Arabia,Tunisia,Kiribati,Kenya,Kyrgyzstan,France,Italy,The_former_Yugoslav_Republic_of_Macedonia,Morocco,Myanmar,Ghana,United_Kingdom_of_Great_Britain_and_Northern_Ireland__the,Qatar,Rwanda,El_Salvador,Benin,Jamaica,Sierra_Leone,Latvia,Nicaragua,Republic_of_Moldova,Bolivia,Samoa,India,Lesotho,Barbados,Cote_d_Ivoire,Guyana,Guinea-Bissau,Japan,South_Africa,Armenia,Argentina,Palau,Lao_People_s_Democratic_Republic__the,Ireland,Belgium,Lebanon,Ukraine,Slovakia,Iceland,Tonga,Viet_Nam,Togo,Russian_Federation__the,Eritrea,Belarus,Belize,Cuba,Canada,Fiji,Spain,Cook_Islands_the,Suriname,Micronesia__Fed_States_of_,Kuwait,Philippines__the,Iran_Islamic_Rep_of_,Cape_Verde,Egypt,Djibouti,Israel,Bhutan,Seychelles,Niger_the,Liberia,China,Uzbekistan,Iraq,Netherlands_the,Colombia,Republic_of_Korea__the,Paraguay,Lithuania,Algeria,Democratic_People_s_Republic_of_Korea_the,Burkina_Faso,Australia,San_Marino,Cameroon,Swaziland,Slovenia,Sri_Lanka,United_Arab_Emirates__the,Germany,Central_African_Republic_the,Romania,Kazakhstan,Bangladesh,New_Zealand,Malta,Georgia,Yemen,Honduras,Bahamas_the,Timor-Leste,Tuvalu,Jordan,Poland,Sweden,Mexico,Ecuador,Indonesia,Austria,Finland,Libyan_Arab_Jamahiriya__the,Switzerland,Costa_Rica,Dominican_Republic_the,Bosnia_and_Herzegovina,Monaco,Chad,Guinea,United_Republic_of_Tanzania__the,Gabon,Bulgaria,Tajikistan,Solomon_Islands,Cyprus,Vanuatu,Estonia,Mauritania,Mauritius,Mozambique,Uruguay,Bahrain,Saint_Kitts_and_Nevis,Norway,Saint_Lucia,Nigeria,Grenada,Namibia,Zimbabwe,Angola,Syrian_Arab_Republic_the,Albania,Mongolia,Luxembourg,Senegal,Trinidad_and_Tobago,Portugal,Andorra,Equatorial_Guinea,Malaysia,Mali,Oman,Turkey,Papua_New_Guinea,Hungary,Antigua_and_Barbuda,Cambodia,Montenegro,Faroe_Islands,Maldives,Botswana,Sao_Tome_and_Principe,Venezuela,Brazil,Malawi,Dominica,Turkmenistan,Zambia,Niue,Gambia__the,Sudan_the,Croatia,Congo_the,Uganda,Nepal,Peru,United_States_of_America,Comoros_the,Czech_Republic_the,Serbia,Somalia,Panama,Haiti,Guatemala,Marshall_Islands__the,Afghanistan,Pakistan,Chile,Burundi,Madagascar,Ethiopia,Democratic_Republic_of_the_Congo,Saint_Vincent_and_the_Grenadines,Greece,Nauru,Azerbaijan,Denmark",,http://aims.fao.org/aos/geopolitical.owl#FAO,organization